
[
  {
    "nome": "The Legendary Tigerman",
    "imagem": "https://yt3.googleusercontent.com/5GndEjjWFNQ6djKVkDJSxdDJZNuYJpdjNrCWRBUJKshuxs-K44lL3Tt3CK9gJ48t5F7EBoYaNw=s900-c-k-c0x00ffffff-no-rj",
    "link": "https://www.youtube.com/embed/Ep1CEgFhcpc?si=Y9luJsaPDIe_GB7j",
    "estilo": "Blues rock, punk blues",
    "descricao": "The Legendary Tigerman é o projeto solo de Paulo Furtado, músico português que combina blues tradicional com uma abordagem contemporânea e energética. Conhecido por suas performances intensas e som autêntico, ele lançou vários álbuns aclamados pela crítica.",
    "atuacao": "23 de agosto às 22:30",
    "isBand" : false
  },
  {
    "nome": "Da Weasel",
    "imagem": "https://images.impresa.pt/expresso/2023-02-27-DaWeasel_Final_rgb_K.jpg-f8069e69/1x1/mw-1200&outputFormat=jpeg",
    "estilo": "Hip-hop, rap rock",
    "link": "https://www.youtube.com/embed/langBiTd0LA?si=YqqeWYQYyZ85K6sW",
    "descricao": "Da Weasel é uma das bandas mais influentes do hip-hop português, conhecida por misturar rap com rock e outros gêneros musicais. Após um hiato, a banda anunciou seu retorno e está confirmada para se apresentar no Festival Vilar de Mouros em 2025.",
    "atuacao": "24 de agosto às 21:45",
    "isBand" : true 
  },
  {
    "nome": "Xutos & Pontapés",
    "imagem": "https://www.ricardoagency.pt/wp-content/uploads/2018/11/Xutos-Ricardo-Agency.png",
    "estilo": "Rock",
    "link": "https://www.youtube.com/embed/zbs06__3378",
    "descricao": "Xutos & Pontapés é uma das bandas de rock mais emblemáticas de Portugal, com uma carreira que se estende por várias décadas. Conhecidos por seus sucessos e performances energéticas, eles continuam a ser uma presença constante nos palcos nacionais.",
    "atuacao": "25 de agosto às 23:00",
    "isBand" : true
  },
  {
    "nome": "David Fonseca",
    "imagem": "https://images.genius.com/a957c0398aaacd1c45bc072b6714e1b7.749x749x1.jpg",
    "estilo": "Pop rock, indie",
    "link": "https://www.youtube.com/embed/18n4udHd6oM?si=stvxTsXsV5qmWZtk",
    "descricao": "David Fonseca é um cantor, compositor e multi-instrumentista português. Tornou-se conhecido como vocalista da banda Silence 4 e seguiu uma carreira solo de sucesso, explorando um som versátil e visual marcante.",
    "atuacao": "26 de agosto às 22:15",
    "isBand" : false 
  }
]

